"","REGION","POS","REF","ALT","REF_DP","REF_RV","REF_QUAL","ALT_DP","ALT_RV","ALT_QUAL","ALT_FREQ","TOTAL_DP","PVAL","PASS","GFF_FEATURE","REF_CODON","REF_AA","ALT_CODON","ALT_AA","ID","REF_FWD","ALT_FWD","mutation","strand.p.val","strand.p.val.adj","type"
"1","MN908947.3",2218,"T","G",2473,1509,38,70,41,38,0.0275265,2543,3.00605e-19,TRUE,"ORF1a","TTT","F","TTG","L","10033759038",964,29,"T2218G",0.710084613025848,1,"Non-synonymous"
"2","MN908947.3",8179,"G","T",4733,2399,38,324,164,37,0.0640696,5057,6.00381e-92,TRUE,"ORF1a","CGG","R","CGT","R","10033759038",2334,160,"G8179T",1,1,"Synonymous"
"3","MN908947.3",8000,"G","T",1686,0,38,46,0,39,0.0265589,1732,2.51894e-13,TRUE,"ORF1a","GAT","D","TAT","Y","10033759721",1686,46,"G8000T",1,1,"Non-synonymous"
"4","MN908947.3",23977,"A","G",3075,1548,38,72,37,38,0.0228789,3147,1.22173e-18,TRUE,"S","ATA","I","ATG","M","10033759721",1527,35,"A23977G",0.905390063688374,1,"Non-synonymous"
"5","MN908947.3",5144,"C","T",2086,1037,38,49,24,38,0.0229508,2135,3.45737e-13,TRUE,"ORF1a","CTA","L","TTA","L","10033760952",1049,25,"C5144T",1,1,"Synonymous"
"6","MN908947.3",11083,"G","T",1763,1,37,603,0,37,0.254538,2369,2.39097e-202,TRUE,"ORF1a","TTG","L","TTT","F","10033760952",1762,603,"G11083T",1,1,"Non-synonymous"
"7","MN908947.3",29545,"C","T",2621,1662,38,485,318,38,0.156149,3106,9.62474e-150,TRUE,NA,NA,NA,NA,NA,"10033760952",959,167,"C29545T",0.382265251938034,1,"Noncoding"
"8","MN908947.3",28843,"T","G",3790,1893,37,93,46,37,0.0239382,3885,7.7855e-25,TRUE,"N","AGT","S","AGG","R","10033768108",1897,47,"T28843G",1,1,"Non-synonymous"
"9","MN908947.3",7644,"C","T",525,525,38,29,29,39,0.0523466,554,1.27871e-09,TRUE,"ORF1a","GCT","A","GTT","V","10033768659",0,0,"C7644T",1,1,"Non-synonymous"
"10","MN908947.3",27256,"A","G",585,0,38,51,0,38,0.0801887,636,1.62853e-16,TRUE,"ORF6","ATG","M","GTG","V","10033768659",585,51,"A27256G",1,1,"Non-synonymous"
"11","MN908947.3",11102,"C","T",2478,0,38,214,0,38,0.0794948,2692,1.07625e-63,TRUE,"ORF1a","CCT","P","TCT","S","10033769080",2478,214,"C11102T",1,1,"Non-synonymous"
"12","MN908947.3",19586,"C","T",2785,685,38,74,18,38,0.0258741,2860,2.22437e-20,TRUE,"ORF1b","ACT","T","ATT","I","10033769080",2100,56,"C19586T",1,1,"Non-synonymous"
"13","MN908947.3",27972,"C","T",3178,1575,38,292,144,38,0.0841499,3470,6.47587e-86,TRUE,"ORF8","CAA","Q","TAA","*","10033769080",1603,148,"C27972T",0.951293937706793,1,"Stop"
"14","MN908947.3",29467,"A","T",2571,1274,38,958,474,38,0.271465,3529,5.70504999885934e-315,TRUE,"N","GCA","A","GCT","A","10033769080",1297,484,"A29467T",0.969825630516507,1,"Synonymous"
"15","MN908947.3",25941,"C","T",3784,1358,38,100,26,38,0.0257467,3884,8.00157e-27,TRUE,"ORF3a","GAC","D","GAT","D","10033776047",2426,74,"C25941T",0.0443322188561995,1,"Synonymous"
"16","MN908947.3",1268,"G","A",3158,2198,38,93,64,38,0.0286066,3251,8.66441e-25,TRUE,"ORF1a","GAT","D","AAT","N","10033781516",960,29,"G1268A",0.909019078279467,1,"Non-synonymous"
"17","MN908947.3",23942,"A","T",1826,918,38,183,93,38,0.0910901,2009,3.61917e-54,TRUE,"S","ATT","I","TTT","F","10033781516",908,90,"A23942T",0.938224275284171,1,"Non-synonymous"
"18","MN908947.3",25551,"T","C",2913,2908,38,112,112,37,0.0370248,3025,1.85291e-30,TRUE,"ORF3a","CTT","L","CTC","L","10033781516",5,0,"T25551C",1,1,"Synonymous"
"19","MN908947.3",29560,"G","T",2745,1127,38,90,22,38,0.031746,2835,3.95936e-25,TRUE,NA,NA,NA,NA,NA,"10033781516",1618,68,"G29560T",0.00145597868343523,1,"Noncoding"
"20","MN908947.3",24933,"G","T",2200,1104,38,51,26,38,0.0226566,2251,1.11766e-13,TRUE,"S","GGT","G","GTT","V","10033783681",1096,25,"G24933T",1,1,"Non-synonymous"
"21","MN908947.3",26456,"C","T",597,597,38,16,16,38,0.0261011,613,1.36385e-05,TRUE,"E","CCT","P","CTT","L","10033783681",0,0,"C26456T",1,1,"Non-synonymous"
"22","MN908947.3",10376,"C","T",1691,1691,38,141,141,38,0.0769651,1832,1.38467e-42,TRUE,"ORF1a","CCA","P","TCA","S","10033785805",0,0,"C10376T",1,1,"Non-synonymous"
"23","MN908947.3",14277,"G","T",529,0,37,16,0,38,0.0293578,545,1.38496e-05,TRUE,"ORF1b","AGG","R","AGT","S","10033789519",529,16,"G14277T",1,1,"Non-synonymous"
"24","MN908947.3",1059,"C","T",1370,0,38,162,0,38,0.105675,1533,1.2612e-49,TRUE,"ORF1a","ACC","T","ATC","I","10033792567",1370,162,"C1059T",1,1,"Non-synonymous"
"25","MN908947.3",13914,"T","G",1876,1876,38,40,40,36,0.0208768,1916,1.53865e-11,TRUE,"ORF1b","AAT","N","AAG","K","10033792567",0,0,"T13914G",1,1,"Non-synonymous"
"26","MN908947.3",25563,"G","T",2208,2207,37,140,140,37,0.0596252,2348,1.90951e-40,TRUE,"ORF3a","CAG","Q","CAT","H","10033792567",1,0,"G25563T",1,1,"Non-synonymous"
"27","MN908947.3",14186,"G","T",939,939,38,265,265,38,0.2201,1204,1.2466e-85,TRUE,"ORF1b","AGG","R","ATG","M","10033793198",0,0,"G14186T",1,1,"Non-synonymous"
"28","MN908947.3",14599,"C","T",680,0,38,398,0,38,0.369202,1078,3.50717e-138,TRUE,"ORF1b","CTA","L","TTA","L","10033793198",680,398,"C14599T",1,1,"Synonymous"
"29","MN908947.3",25471,"G","T",1313,643,38,1043,518,38,0.442699,2356,0,TRUE,"ORF3a","GAT","D","TAT","Y","10033793198",670,525,"G25471T",0.740200182785992,1,"Non-synonymous"
"30","MN908947.3",871,"A","G",5622,2844,38,125,64,37,0.0217505,5747,9.36374e-32,TRUE,"ORF1a","AAA","K","AAG","K","10033797611",2778,61,"A871G",0.928061706825368,1,"Synonymous"
"31","MN908947.3",25508,"C","T",3193,1595,38,124,62,38,0.0373832,3317,5.27093e-34,TRUE,"ORF3a","GCC","A","GTC","V","10033797611",1598,62,"C25508T",1,1,"Non-synonymous"
"32","MN908947.3",25531,"A","G",1386,1358,38,314,314,38,0.184706,1700,6.74322e-101,TRUE,"ORF3a","ATT","I","GTT","V","10033797611",28,0,"A25531G",0.00541140636490338,1,"Non-synonymous"
"33","MN908947.3",13914,"T","G",1223,1223,38,50,50,36,0.0392773,1273,1.3331e-14,TRUE,"ORF1b","AAT","N","AAG","K","10033797804",0,0,"T13914G",1,1,"Non-synonymous"
"34","MN908947.3",11083,"G","T",501,0,37,37,0,38,0.0687732,538,2.70646e-12,TRUE,"ORF1a","TTG","L","TTT","F","10033808341",501,37,"G11083T",1,1,"Non-synonymous"
"35","MN908947.3",24188,"G","A",779,0,38,49,0,38,0.0591787,828,8.04822e-16,TRUE,"S","GCA","A","ACA","T","10033808445",779,49,"G24188A",1,1,"Non-synonymous"
"36","MN908947.3",5392,"C","T",1771,8,38,75,0,38,0.0406284,1846,4.54291e-22,TRUE,"ORF1a","AAC","N","AAT","N","10033808660",1763,75,"C5392T",1,1,"Synonymous"
"37","MN908947.3",29250,"C","T",2382,2376,37,463,463,37,0.162742,2845,1.14946e-145,TRUE,"N","CCT","P","CTT","L","10033808660",6,0,"C29250T",0.597825738054667,1,"Non-synonymous"
"38","MN908947.3",10001,"T","G",1487,748,38,44,21,38,0.0287394,1531,8.65291e-13,TRUE,"ORF1a","TCT","S","GCT","A","10033810376",739,23,"T10001G",0.761728839502694,1,"Non-synonymous"
"39","MN908947.3",20956,"C","T",1316,657,38,37,19,38,0.0273466,1353,1.0759e-10,TRUE,"ORF1b","CTT","L","TTT","F","10033810376",659,18,"C20956T",0.869572111287721,1,"Non-synonymous"
"40","MN908947.3",27476,"C","T",1322,918,39,42,34,39,0.0307692,1365,3.57465e-12,TRUE,"ORF7a","ACA","T","ATA","I","10033810376",404,8,"C27476T",0.125623373246217,1,"Non-synonymous"
"41","MN908947.3",21575,"C","T",1858,933,38,55,27,38,0.0287507,1913,5.11155e-16,TRUE,"S","CTT","L","TTT","F","10033811348",925,28,"C21575T",0.891957572914733,1,"Non-synonymous"
"42","MN908947.3",1102,"C","T",6001,2976,38,530,260,38,0.0811018,6535,1.69089e-153,TRUE,"ORF1a","TCC","S","TCT","S","10033813745",3025,270,"C1102T",0.82088437352197,1,"Synonymous"
"43","MN908947.3",2925,"C","A",1837,6,38,703,0,38,0.276772,2540,5.56625e-233,TRUE,"ORF1a","TCT","S","TAT","Y","10033813745",1831,703,"C2925A",0.196105139669714,1,"Non-synonymous"
"44","MN908947.3",12390,"A","G",1650,1640,38,57,57,38,0.0333919,1707,1.27214e-16,TRUE,"ORF1a","AAT","N","AGT","S","10033813745",10,0,"A12390G",1,1,"Non-synonymous"
"45","MN908947.3",9430,"C","T",855,421,38,36,17,38,0.040404,891,1.0145e-11,TRUE,"ORF1a","ATC","I","ATT","I","10033815825",434,19,"C9430T",0.865902702451793,1,"Synonymous"
"46","MN908947.3",11083,"G","T",1229,0,37,204,0,37,0.142259,1434,1.29371e-64,TRUE,"ORF1a","TTG","L","TTT","F","10033815825",1229,204,"G11083T",1,1,"Non-synonymous"
"47","MN908947.3",13914,"T","G",838,838,38,31,31,36,0.0356732,869,3.48323e-10,TRUE,"ORF1b","AAT","N","AAG","K","10033815825",0,0,"T13914G",1,1,"Non-synonymous"
"48","MN908947.3",16275,"A","G",487,241,38,16,8,38,0.0318091,503,1.30918e-05,TRUE,"ORF1b","TCA","S","TCG","S","10033815825",246,8,"A16275G",1,1,"Synonymous"
"49","MN908947.3",20569,"G","A",356,0,38,35,0,38,0.0895141,391,1.14454e-11,TRUE,"ORF1b","GTT","V","ATT","I","10033815825",356,35,"G20569A",1,1,"Non-synonymous"
"50","MN908947.3",23625,"C","T",2483,1284,38,243,126,37,0.0891416,2726,3.88437e-73,TRUE,"S","GCT","A","GTT","V","10033815825",1199,117,"C23625T",1,1,"Non-synonymous"
"51","MN908947.3",25515,"C","G",4075,2059,37,160,81,38,0.0377804,4235,1.90116e-43,TRUE,"ORF3a","CTC","L","CTG","L","10033815825",2016,79,"C25515G",1,1,"Synonymous"
"52","MN908947.3",26397,"T","G",1779,881,38,38,18,38,0.0209136,1817,5.92153e-11,TRUE,"E","CTT","L","CTG","L","10033815825",898,20,"T26397G",0.87032416936309,1,"Synonymous"
"53","MN908947.3",29250,"C","T",977,976,37,23,23,38,0.023,1000,1.28179e-06,TRUE,"N","CCT","P","CTT","L","10033815825",1,0,"C29250T",1,1,"Non-synonymous"
"54","MN908947.3",29449,"G","T",2318,1150,38,127,63,38,0.0519427,2445,1.96597e-36,TRUE,"N","GTG","V","GTT","V","10033818123",1168,64,"G29449T",1,1,"Synonymous"
"55","MN908947.3",428,"G","T",1214,0,38,34,0,39,0.0272436,1248,8.45157e-10,TRUE,"ORF1a","GAA","E","TAA","*","10033820198",1214,34,"G428T",1,1,"Stop"
"56","MN908947.3",664,"C","T",1215,1215,38,30,30,37,0.0240964,1245,1.21921e-08,TRUE,"ORF1a","GGC","G","GGT","G","10033820198",0,0,"C664T",1,1,"Synonymous"
"57","MN908947.3",25452,"C","T",4334,2150,38,116,59,38,0.0260674,4450,2.67149e-30,TRUE,"ORF3a","ATC","I","ATT","I","10033820198",2184,57,"C25452T",0.850858911180754,1,"Synonymous"
"58","MN908947.3",875,"C","T",2765,1400,37,653,330,37,0.191047,3418,1.22308e-205,TRUE,"ORF1a","CTT","L","TTT","F","10033828725",1365,323,"C875T",0.965326644984188,1,"Non-synonymous"
"59","MN908947.3",2449,"C","T",1543,1535,38,41,41,38,0.0258838,1584,6.70724e-12,TRUE,"ORF1a","GGC","G","GGT","G","10033828725",8,0,"C2449T",1,1,"Synonymous"
"60","MN908947.3",11919,"C","T",4901,1088,38,325,66,38,0.0621772,5227,6.72911e-92,TRUE,"ORF1a","TCT","S","TTT","F","10033828725",3813,259,"C11919T",0.448222554064797,1,"Non-synonymous"
"61","MN908947.3",12312,"C","T",1793,901,38,99,50,38,0.0523256,1892,1.40441e-29,TRUE,"ORF1a","GCT","A","GTT","V","10033828725",892,49,"C12312T",1,1,"Non-synonymous"
"62","MN908947.3",24174,"C","T",1905,1,38,40,0,38,0.0205656,1945,1.40984e-11,TRUE,"S","GCT","A","GTT","V","10033828729",1904,40,"C24174T",1,1,"Non-synonymous"
"63","MN908947.3",29440,"G","T",1418,11,38,92,0,38,0.0609272,1510,2.07232e-27,TRUE,"N","CAG","Q","CAT","H","10033828729",1407,92,"G29440T",1,1,"Non-synonymous"
"64","MN908947.3",1593,"C","T",1030,1030,37,173,173,38,0.143807,1203,2.84449e-54,TRUE,"ORF1a","TCC","S","TTC","F","10033829306",0,0,"C1593T",1,1,"Non-synonymous"
"65","MN908947.3",11083,"G","T",2486,0,37,57,0,37,0.0224145,2543,1.83891e-15,TRUE,"ORF1a","TTG","L","TTT","F","10033829306",2486,57,"G11083T",1,1,"Non-synonymous"
"66","MN908947.3",13914,"T","G",1867,1866,38,39,39,36,0.0204617,1906,3.06332e-11,TRUE,"ORF1b","AAT","N","AAG","K","10033829306",1,0,"T13914G",1,1,"Non-synonymous"
"67","MN908947.3",15480,"C","A",1211,1211,38,103,103,38,0.0783866,1314,4.35188e-31,TRUE,"ORF1b","ACC","T","ACA","T","10033829306",0,0,"C15480A",1,1,"Synonymous"
"68","MN908947.3",29831,"C","T",1501,1501,38,61,61,38,0.0390525,1562,6.56099e-18,TRUE,NA,NA,NA,NA,NA,"10033833216",0,0,"C29831T",1,1,"Noncoding"
"69","MN908947.3",662,"G","T",2109,2109,38,50,50,38,0.0231374,2161,2.17248e-13,TRUE,"ORF1a","GGC","G","TGC","C","10033836752",0,0,"G662T",1,1,"Non-synonymous"
"70","MN908947.3",10619,"C","A",850,848,38,20,20,39,0.0229885,870,7.26859e-07,TRUE,"ORF1a","CAA","Q","AAA","K","10033836752",2,0,"C10619A",1,1,"Non-synonymous"
"71","MN908947.3",23521,"T","C",681,0,37,21,0,37,0.0299145,702,3.97531e-07,TRUE,"S","GCT","A","GCC","A","10033836752",681,21,"T23521C",1,1,"Synonymous"
"72","MN908947.3",27213,"C","T",425,0,38,22,0,39,0.049217,447,1.69807e-07,TRUE,"ORF6","CTC","L","CTT","L","10033836752",425,22,"C27213T",1,1,"Synonymous"
"73","MN908947.3",25156,"C","T",3969,1983,38,231,116,38,0.055,4200,3.58088e-65,TRUE,"S","ATC","I","ATT","I","10033842393",1986,115,"C25156T",0.94615284869855,1,"Synonymous"
"74","MN908947.3",6675,"C","T",1526,780,38,58,30,38,0.0365931,1585,5.19422e-17,TRUE,"ORF1a","ACT","T","ATT","I","10033851156",746,28,"C6675T",1,1,"Non-synonymous"
"75","MN908947.3",28839,"G","A",1343,659,37,33,17,38,0.0239826,1376,1.65764e-09,TRUE,"N","CGT","R","CAT","H","10033851156",684,16,"G28839A",0.860799485619288,1,"Non-synonymous"
"76","MN908947.3",29751,"G","A",875,875,38,62,62,38,0.0661686,937,7.89879e-20,TRUE,NA,NA,NA,NA,NA,"10033851156",0,0,"G29751A",1,1,"Noncoding"
"77","MN908947.3",11083,"G","T",1329,0,37,50,0,37,0.0362582,1379,9.22998e-15,TRUE,"ORF1a","TTG","L","TTT","F","10033851236",1329,50,"G11083T",1,1,"Non-synonymous"
"78","MN908947.3",25549,"C","T",2124,2119,38,83,83,38,0.0376076,2207,4.38723e-23,TRUE,"ORF3a","CTT","L","TTT","F","10033851236",5,0,"C25549T",1,1,"Non-synonymous"
"79","MN908947.3",3276,"C","T",2044,13,38,208,0,38,0.0923623,2252,8.5475e-62,TRUE,"ORF1a","ACA","T","ATA","I","10033851497",2031,208,"C3276T",0.623808599563889,1,"Non-synonymous"
"80","MN908947.3",6726,"C","T",681,670,38,18,18,39,0.0257511,699,3.28448e-06,TRUE,"ORF1a","ACT","T","ATT","I","10033851497",11,0,"C6726T",1,1,"Non-synonymous"
"81","MN908947.3",7484,"T","C",2401,1186,38,389,196,38,0.139427,2790,1.61494e-120,TRUE,"ORF1a","TCA","S","CCA","P","10033851497",1215,193,"T7484C",0.743038702637181,1,"Non-synonymous"
"82","MN908947.3",9982,"T","C",1398,682,38,40,20,37,0.0278164,1438,1.26523e-11,TRUE,"ORF1a","AAT","N","AAC","N","10033851497",716,20,"T9982C",1,1,"Synonymous"
"83","MN908947.3",18877,"C","T",1694,1694,38,136,136,38,0.0742358,1832,2.29322e-41,TRUE,"ORF1b","CTA","L","TTA","L","10033851497",0,0,"C18877T",1,1,"Synonymous"
"84","MN908947.3",21855,"C","T",2156,1068,38,179,89,38,0.0766595,2335,8.34179e-53,TRUE,"S","TCT","S","TTT","F","10033851497",1088,90,"C21855T",1,1,"Non-synonymous"
"85","MN908947.3",28839,"G","A",1561,765,37,204,102,38,0.115581,1765,6.61407e-63,TRUE,"N","CGT","R","CAT","H","10033851497",796,102,"G28839A",0.823371461449062,1,"Non-synonymous"
"86","MN908947.3",10236,"A","G",3198,1586,38,68,33,38,0.0208206,3266,1.76008e-17,TRUE,"ORF1a","AAG","K","AGG","R","10033852420",1612,35,"A10236G",0.902826147723177,1,"Non-synonymous"
"87","MN908947.3",645,"G","T",1258,1258,38,40,40,38,0.0308166,1298,8.30653e-12,TRUE,"ORF1a","GGT","G","GTT","V","10033852483",0,0,"G645T",1,1,"Non-synonymous"
"88","MN908947.3",3775,"C","T",2063,2063,38,74,74,38,0.034628,2137,1.87006e-20,TRUE,"ORF1a","CGC","R","CGT","R","10033852483",0,0,"C3775T",1,1,"Synonymous"
"89","MN908947.3",20233,"C","T",639,0,39,73,0,39,0.102528,712,1.43575e-23,TRUE,"ORF1b","CCC","P","TCC","S","10033852483",639,73,"C20233T",1,1,"Non-synonymous"
"90","MN908947.3",23191,"C","T",1607,8,38,1104,2,38,0.40723,2711,0,TRUE,"S","TTC","F","TTT","F","10033852483",1599,1102,"C23191T",0.215427396744373,1,"Synonymous"
"91","MN908947.3",27305,"T","G",5151,2571,38,197,99,38,0.0368362,5348,4.38291e-53,TRUE,"ORF6","CTC","L","CGC","R","10033852483",2580,98,"T27305G",0.942224842098325,1,"Non-synonymous"
"92","MN908947.3",28498,"C","T",1597,0,38,531,0,38,0.24953,2128,1.34687e-172,TRUE,"N","AAC","N","AAT","N","10033852483",1597,531,"C28498T",1,1,"Synonymous"
"93","MN908947.3",11782,"A","G",1701,851,38,58,29,38,0.0329733,1759,6.45357e-17,TRUE,"ORF1a","AAA","K","AAG","K","10033852722",850,29,"A11782G",1,1,"Synonymous"
"94","MN908947.3",12043,"C","T",6538,3274,38,501,251,38,0.0711749,7039,1.54184e-142,TRUE,"ORF1a","GAC","D","GAT","D","10033852722",3264,250,"C12043T",1,1,"Synonymous"
"95","MN908947.3",26507,"A","G",1769,1768,38,43,43,38,0.0237307,1812,1.87478e-12,TRUE,NA,NA,NA,NA,NA,"10033854135",1,0,"A26507G",1,1,"Noncoding"
"96","MN908947.3",2773,"C","T",2643,2642,38,67,67,38,0.0247232,2710,2.67506e-18,TRUE,"ORF1a","TAC","Y","TAT","Y","10033872085",1,0,"C2773T",1,1,"Synonymous"
"97","MN908947.3",24794,"G","T",1703,0,38,614,0,38,0.264884,2318,2.84102e-202,TRUE,"S","GCT","A","TCT","S","10033872085",1703,614,"G24794T",1,1,"Non-synonymous"
"98","MN908947.3",11083,"G","T",4000,2,37,187,0,37,0.044662,4187,5.57363e-52,TRUE,"ORF1a","TTG","L","TTT","F","10033872219",3998,187,"G11083T",1,1,"Non-synonymous"
"99","MN908947.3",27537,"T","G",885,0,38,77,0,37,0.0800416,962,1.3573e-24,TRUE,"ORF7a","CCT","P","CCG","P","10033872219",885,77,"T27537G",1,1,"Synonymous"
"100","MN908947.3",20239,"A","G",1512,0,38,36,0,37,0.0232558,1548,1.83384e-10,TRUE,"ORF1b","AGT","S","GGT","G","10033872707",1512,36,"A20239G",1,1,"Non-synonymous"
"101","MN908947.3",27453,"C","T",2858,2858,38,134,134,38,0.0447861,2992,3.76484e-37,TRUE,"ORF7a","TAC","Y","TAT","Y","10033872707",0,0,"C27453T",1,1,"Synonymous"
"102","MN908947.3",29594,"A","G",3002,1866,38,90,58,38,0.029098,3093,5.92232e-24,TRUE,NA,NA,NA,NA,NA,"10033872707",1136,32,"A29594G",0.740884924059595,1,"Noncoding"
"103","MN908947.3",25578,"C","T",3489,3488,38,76,76,38,0.0213184,3565,8.99034e-20,TRUE,"ORF3a","ATC","I","ATT","I","10033876035",1,0,"C25578T",1,1,"Synonymous"
"104","MN908947.3",4084,"C","T",1368,249,38,113,19,38,0.0762998,1481,5.55838e-34,TRUE,"ORF1a","GAC","D","GAT","D","10033876044",1119,94,"C4084T",0.799782145909186,1,"Synonymous"
"105","MN908947.3",745,"C","T",3325,0,38,82,0,38,0.0240681,3407,1.54292e-21,TRUE,"ORF1a","AAC","N","AAT","N","10033903914",3325,82,"C745T",1,1,"Synonymous"
"106","MN908947.3",27847,"C","T",715,0,39,252,0,39,0.2606,967,6.6859e-85,TRUE,NA,NA,NA,NA,NA,"10033903914",715,252,"C27847T",1,1,"Noncoding"
"107","MN908947.3",3096,"C","T",1368,1364,38,30,30,38,0.0214592,1398,1.24656e-08,TRUE,"ORF1a","TCA","S","TTA","L","10033906276",4,0,"C3096T",1,1,"Non-synonymous"
"108","MN908947.3",27820,"T","C",982,211,38,21,6,38,0.0209372,1003,4.93101e-06,TRUE,NA,NA,NA,NA,NA,"10033906276",771,15,"T27820C",0.42565287722583,1,"Noncoding"
"109","MN908947.3",14407,"C","T",2167,1085,38,79,40,38,0.0351736,2246,6.16046e-22,TRUE,"ORF1b","CCT","P","TCT","S","10033907638",1082,39,"C14407T",1,1,"Non-synonymous"
"110","MN908947.3",23380,"C","T",2680,2677,38,71,71,38,0.0258088,2751,1.72098e-19,TRUE,"S","AAC","N","AAT","N","10033907638",3,0,"C23380T",1,1,"Synonymous"
"111","MN908947.3",17193,"G","T",1661,10,38,219,1,39,0.116489,1880,1.21562e-67,TRUE,"ORF1b","GAG","E","GAT","D","10033920353",1651,218,"G17193T",1,1,"Non-synonymous"
"112","MN908947.3",24990,"C","T",1148,1147,38,27,27,38,0.0229592,1176,9.38911e-08,TRUE,"S","CCT","P","CTT","L","10033920353",1,0,"C24990T",1,1,"Non-synonymous"
"113","MN908947.3",25907,"G","T",556,556,38,43,43,38,0.0716667,600,4.66335e-14,TRUE,"ORF3a","GGT","G","GTT","V","10033920353",0,0,"G25907T",1,1,"Non-synonymous"
"114","MN908947.3",1820,"G","A",2769,1395,37,178,89,37,0.0604004,2947,4.28724e-52,TRUE,"ORF1a","GGT","G","AGT","S","10033971920",1374,89,"G1820A",0.938485447120974,1,"Non-synonymous"
"115","MN908947.3",14183,"C","T",1628,1626,38,70,70,38,0.0412007,1699,1.15322e-20,TRUE,"ORF1b","ACC","T","ATC","I","10033973539",2,0,"C14183T",1,1,"Non-synonymous"
"116","MN908947.3",26139,"C","T",2606,1326,38,56,29,38,0.0210368,2662,4.21281e-15,TRUE,"ORF3a","ATC","I","ATT","I","10033973539",1280,27,"C26139T",1,1,"Synonymous"
"117","MN908947.3",13503,"G","T",2040,1028,37,119,61,37,0.0551181,2159,4.80248e-34,TRUE,"ORF1b","CCG","P","CCT","P","10033981968",1012,58,"G13503T",0.924911481041421,1,"Synonymous"
"118","MN908947.3",29748,"T","C",1544,1541,38,73,73,38,0.0451453,1617,1.65238e-21,TRUE,NA,NA,NA,NA,NA,"10033981968",3,0,"T29748C",1,1,"Noncoding"
"119","MN908947.3",12410,"A","G",1845,1845,38,42,42,38,0.0222576,1887,3.8426e-12,TRUE,"ORF1a","ATC","I","GTC","V","10034004586",0,0,"A12410G",1,1,"Non-synonymous"
"120","MN908947.3",20274,"G","T",394,0,38,26,0,38,0.0619048,420,9.99771e-09,TRUE,"ORF1b","ATG","M","ATT","I","10034004586",394,26,"G20274T",1,1,"Non-synonymous"
"121","MN908947.3",23439,"C","T",1779,1779,38,255,255,38,0.125369,2034,2.91651e-77,TRUE,"S","GCA","A","GTA","V","10034004586",0,0,"C23439T",1,1,"Non-synonymous"
"122","MN908947.3",23709,"C","T",2756,2753,38,173,173,38,0.0590645,2929,2.02417e-50,TRUE,"S","ACA","T","ATA","I","10034004586",3,0,"C23709T",1,1,"Non-synonymous"
"123","MN908947.3",29229,"G","A",5803,2947,37,173,88,37,0.0289491,5976,1.02346e-44,TRUE,"N","CGC","R","CAC","H","10034005736",2856,85,"G29229A",1,1,"Non-synonymous"
"124","MN908947.3",18508,"C","T",1723,1687,38,47,47,38,0.0265537,1770,1.06364e-13,TRUE,"ORF1b","CTT","L","TTT","F","10034148754",36,0,"C18508T",0.62330863636098,1,"Non-synonymous"
"125","MN908947.3",26464,"C","T",1598,1594,38,183,183,38,0.102751,1781,3.97983e-56,TRUE,"E","CTG","L","TTG","L","10034148754",4,0,"C26464T",1,1,"Synonymous"
"126","MN908947.3",6701,"C","T",1546,810,38,68,35,38,0.0421314,1614,2.25678e-20,TRUE,"ORF1a","CTT","L","TTT","F","S_2006_000851",736,33,"C6701T",0.901816337259409,1,"Non-synonymous"
"127","MN908947.3",17608,"G","T",8593,4360,38,748,379,38,0.0800428,9345,1.01631e-215,TRUE,"ORF1b","GAT","D","TAT","Y","S_2006_000851",4233,369,"G17608T",1,1,"Non-synonymous"
"128","MN908947.3",657,"C","T",3277,3277,38,69,69,38,0.0206216,3346,3.03941e-18,TRUE,"ORF1a","GCT","A","GTT","V","S_2006_000853",0,0,"C657T",1,1,"Non-synonymous"
"129","MN908947.3",13914,"T","G",2573,2573,38,74,74,36,0.0279562,2647,2.24622e-20,TRUE,"ORF1b","AAT","N","AAG","K","S_2006_000853",0,0,"T13914G",1,1,"Non-synonymous"
"130","MN908947.3",11083,"G","T",4190,0,37,89,0,37,0.0207944,4280,1.05772e-22,TRUE,"ORF1a","TTG","L","TTT","F","S_2006_000857",4190,89,"G11083T",1,1,"Non-synonymous"
"131","MN908947.3",23634,"C","T",7550,4089,38,189,98,38,0.0244218,7739,8.74708e-49,TRUE,"S","TCC","S","TTC","F","S_2006_000857",3461,91,"C23634T",0.554720237692037,1,"Non-synonymous"
"132","MN908947.3",16049,"C","T",3451,1751,38,73,37,38,0.0207151,3524,5.4456e-19,TRUE,"ORF1b","ACT","T","ATT","I","S_2006_000861",1700,36,"C16049T",1,1,"Non-synonymous"
"133","MN908947.3",29769,"C","T",2792,2792,38,79,79,38,0.0275165,2871,6.08764e-22,TRUE,NA,NA,NA,NA,NA,"S_2006_000863",0,0,"C29769T",1,1,"Noncoding"
"134","MN908947.3",4326,"A","G",806,578,38,125,97,38,0.134264,931,2.35581e-40,TRUE,"ORF1a","TAC","Y","TGC","C","S_2006_000866",228,28,"A4326G",0.196450843829106,1,"Non-synonymous"
"135","MN908947.3",15255,"T","C",1809,0,38,169,0,38,0.0854398,1978,2.25997e-51,TRUE,"ORF1b","GTT","V","GTC","V","S_2006_000868",1809,169,"T15255C",1,1,"Synonymous"
"136","MN908947.3",25710,"C","T",294,0,38,23,0,38,0.0725552,317,7.88109e-08,TRUE,"ORF3a","CTC","L","CTT","L","S_2006_000868",294,23,"C25710T",1,1,"Synonymous"
"137","MN908947.3",29563,"C","T",2229,988,38,53,28,38,0.0232252,2282,2.72227e-14,TRUE,NA,NA,NA,NA,NA,"S_2006_000868",1241,25,"C29563T",0.263184478785532,1,"Noncoding"
"138","MN908947.3",210,"G","T",6904,3398,37,178,87,38,0.0251341,7082,4.92309e-45,TRUE,NA,NA,NA,NA,NA,"S_2006_000870",3506,91,"G210T",0.939626829704383,1,"Noncoding"
"139","MN908947.3",4406,"C","T",3473,1482,38,239,98,38,0.0643858,3712,3.6849e-69,TRUE,"ORF1a","CAT","H","TAT","Y","S_2006_000870",1991,141,"C4406T",0.636353580435717,1,"Non-synonymous"
"140","MN908947.3",6555,"C","A",1433,0,38,83,0,38,0.0547493,1516,8.94379e-25,TRUE,"ORF1a","GCT","A","GAT","D","S_2006_000870",1433,83,"C6555A",1,1,"Non-synonymous"
"141","MN908947.3",19813,"C","T",1606,1584,38,78,78,38,0.0463183,1684,3.84426e-23,TRUE,"ORF1b","CCA","P","TCA","S","S_2006_000870",22,0,"C19813T",0.621169305627158,1,"Non-synonymous"
"142","MN908947.3",21568,"T","A",1356,672,38,900,453,38,0.398936,2256,1.69795985165342e-317,TRUE,"S","TTT","F","TTA","L","S_2006_000870",684,447,"T21568A",0.730972776578026,1,"Non-synonymous"
"143","MN908947.3",28087,"C","T",2323,2322,38,54,54,38,0.0227177,2377,1.22809e-14,TRUE,"ORF8","GCT","A","GTT","V","S_2006_000870",1,0,"C28087T",1,1,"Non-synonymous"
"144","MN908947.3",5100,"C","T",1411,703,38,197,98,38,0.122512,1608,3.64482e-61,TRUE,"ORF1a","TCA","S","TTA","L","S_2006_000872",708,99,"C5100T",1,1,"Non-synonymous"
"145","MN908947.3",7740,"A","G",577,0,38,65,0,38,0.101246,642,3.08831e-21,TRUE,"ORF1a","GAT","D","GGT","G","S_2006_000872",577,65,"A7740G",1,1,"Non-synonymous"
"146","MN908947.3",15242,"T","C",1746,0,38,501,0,37,0.222964,2247,5.92103e-161,TRUE,"ORF1b","ATG","M","ACG","T","S_2006_000873",1746,501,"T15242C",1,1,"Non-synonymous"
"147","MN908947.3",15941,"C","T",3673,15,38,156,0,38,0.0407417,3829,1.72247e-43,TRUE,"ORF1b","CCA","P","CTA","L","S_2006_000873",3658,156,"C15941T",1,1,"Non-synonymous"
"148","MN908947.3",16466,"C","T",1565,920,37,421,246,38,0.211877,1987,1.58485e-134,TRUE,"ORF1b","CCA","P","CTA","L","S_2006_000873",645,175,"C16466T",0.911264398572678,1,"Non-synonymous"
"149","MN908947.3",26907,"C","T",1249,2,38,154,0,38,0.109765,1403,4.24326e-47,TRUE,"M","CTG","L","TTG","L","S_2006_000873",1247,154,"C26907T",1,1,"Synonymous"
"150","MN908947.3",8788,"T","C",946,473,37,249,126,37,0.208368,1195,3.81129e-80,TRUE,"ORF1a","CGT","R","CGC","R","S_2006_000877",473,123,"T8788C",0.886858103410311,1,"Synonymous"
"151","MN908947.3",27948,"G","T",670,331,38,602,295,38,0.47327,1272,3.61121e-221,TRUE,"ORF8","GAA","E","TAA","*","S_2006_000877",339,307,"G27948T",0.910598990075901,1,"Stop"
"152","MN908947.3",12331,"G","A",1205,626,38,33,17,38,0.0266129,1240,1.28196e-09,TRUE,"ORF1a","AGG","R","AGA","R","S_2006_000879",579,16,"G12331A",1,1,"Synonymous"
"153","MN908947.3",20668,"G","T",999,504,38,40,22,38,0.0384986,1039,1.25361e-11,TRUE,"ORF1b","GCG","A","TCG","S","S_2006_000879",495,18,"G20668T",0.630220736908493,1,"Non-synonymous"
"154","MN908947.3",21151,"G","T",718,0,38,15,0,38,0.0204638,733,2.6693e-05,TRUE,"ORF1b","GGT","G","TGT","C","S_2006_000879",718,15,"G21151T",1,1,"Non-synonymous"
"155","MN908947.3",21234,"C","T",1376,677,38,52,25,38,0.0364146,1428,2.6073e-15,TRUE,"ORF1b","GCC","A","GCT","A","S_2006_000879",699,27,"C21234T",0.888673957271967,1,"Synonymous"
"156","MN908947.3",21870,"G","A",2439,1228,38,61,31,38,0.0244,2500,1.34045e-16,TRUE,"S","GGC","G","GAC","D","S_2006_000879",1211,30,"G21870A",1,1,"Non-synonymous"
"157","MN908947.3",21949,"A","G",1239,1238,38,35,35,38,0.0274725,1274,4.24767e-10,TRUE,"S","AAA","K","AAG","K","S_2006_000879",1,0,"A21949G",1,1,"Synonymous"
"158","MN908947.3",22634,"A","T",1501,4,38,32,0,38,0.0208741,1533,3.22618e-09,TRUE,"S","ATC","I","TTC","F","S_2006_000879",1497,32,"A22634T",1,1,"Non-synonymous"
"159","MN908947.3",24014,"A","G",1279,656,38,359,186,38,0.21917,1638,1.39577e-116,TRUE,"S","ATT","I","GTT","V","S_2006_000879",623,173,"A24014G",0.904892694645736,1,"Non-synonymous"
"160","MN908947.3",24840,"G","T",4857,2386,38,185,92,38,0.0366918,5042,1.9884e-49,TRUE,"S","GGT","G","GTT","V","S_2006_000879",2471,93,"G24840T",0.881167183297481,1,"Non-synonymous"
"161","MN908947.3",28208,"T","C",3191,27,39,67,0,38,0.0205648,3258,3.37298e-17,TRUE,"ORF8","TAT","Y","TAC","Y","S_2006_000879",3164,67,"T28208C",1,1,"Synonymous"
"162","MN908947.3",29051,"C","A",2014,0,37,42,0,37,0.020428,2056,4.29794e-11,TRUE,"N","CAA","Q","AAA","K","S_2006_000879",2014,42,"C29051A",1,1,"Non-synonymous"
"163","MN908947.3",29076,"A","G",2009,1,38,45,0,38,0.0219085,2054,6.02634e-12,TRUE,"N","TAC","Y","TGC","C","S_2006_000879",2008,45,"A29076G",1,1,"Non-synonymous"
"164","MN908947.3",14184,"C","T",1432,1425,38,81,81,38,0.053536,1513,4.73483e-24,TRUE,"ORF1b","ACC","T","ACT","T","S_2006_000880",7,0,"C14184T",1,1,"Synonymous"
"165","MN908947.3",18877,"C","T",3351,3348,38,83,83,38,0.0241701,3434,3.70969e-22,TRUE,"ORF1b","CTA","L","TTA","L","S_2006_000883",3,0,"C18877T",1,1,"Synonymous"
"166","MN908947.3",2902,"C","T",921,0,38,308,0,38,0.25061,1229,2.06062e-101,TRUE,"ORF1a","GTC","V","GTT","V","S_2006_000897",921,308,"C2902T",1,1,"Synonymous"
"167","MN908947.3",11083,"G","T",791,0,37,26,0,38,0.0318237,817,1.12383e-08,TRUE,"ORF1a","TTG","L","TTT","F","S_2006_000897",791,26,"G11083T",1,1,"Non-synonymous"
"168","MN908947.3",26571,"C","T",2383,0,38,236,0,38,0.090042,2621,1.74475e-70,TRUE,"M","CTT","L","TTT","F","S_2006_000898",2383,236,"C26571T",1,1,"Non-synonymous"
"169","MN908947.3",15847,"A","G",2324,2324,38,116,116,38,0.047541,2440,4.85267e-33,TRUE,"ORF1b","ACT","T","GCT","A","S_2006_000899",0,0,"A15847G",1,1,"Non-synonymous"
"170","MN908947.3",10486,"A","G",892,1,38,108,0,37,0.107892,1001,6.06672e-33,TRUE,"ORF1a","TCA","S","TCG","S","S_2006_000911",891,108,"A10486G",1,1,"Synonymous"
"171","MN908947.3",11083,"G","T",892,1,37,33,0,38,0.0356757,925,6.77403e-11,TRUE,"ORF1a","TTG","L","TTT","F","S_2006_000911",891,33,"G11083T",1,1,"Non-synonymous"
"172","MN908947.3",13967,"C","T",1459,0,37,35,0,38,0.023427,1494,3.7067e-10,TRUE,"ORF1b","GCC","A","GTC","V","S_2006_000911",1459,35,"C13967T",1,1,"Non-synonymous"
"173","MN908947.3",24580,"A","G",963,479,38,45,21,38,0.0446429,1008,4.13054e-13,TRUE,"S","ACA","T","ACG","T","S_2006_000911",484,24,"A24580G",0.761059465414269,1,"Synonymous"
"174","MN908947.3",9332,"G","T",1247,53,38,27,2,37,0.0211931,1274,8.83428e-08,TRUE,"ORF1a","GCT","A","TCT","S","S_2006_000913",1194,25,"G9332T",0.326683537542301,1,"Non-synonymous"
"175","MN908947.3",23989,"A","G",1326,663,38,75,39,38,0.0535332,1401,3.05379e-22,TRUE,"S","CCA","P","CCG","P","S_2006_000913",663,36,"A23989G",0.812571205813943,1,"Synonymous"
"176","MN908947.3",652,"A","G",3033,3033,38,71,71,37,0.0228737,3104,2.25907e-18,TRUE,"ORF1a","AAA","K","AAG","K","S_2006_000915",0,0,"A652G",1,1,"Synonymous"
"177","MN908947.3",5301,"C","T",2376,0,38,65,0,38,0.0266284,2441,7.24887e-18,TRUE,"ORF1a","GCA","A","GTA","V","S_2006_000915",2376,65,"C5301T",1,1,"Non-synonymous"
"178","MN908947.3",27828,"C","T",2260,0,38,784,0,38,0.257556,3044,1.94629e-256,TRUE,NA,NA,NA,NA,NA,"S_2006_000915",2260,784,"C27828T",1,1,"Noncoding"
"179","MN908947.3",28253,"C","T",5937,2905,37,2361,1163,37,0.284526,8298,0,TRUE,"ORF8","TTC","F","TTT","F","S_2006_000915",3032,1198,"C28253T",0.788991578204595,1,"Synonymous"
"180","MN908947.3",28839,"G","T",3246,1622,37,79,40,38,0.0237594,3325,1.14958e-20,TRUE,"N","CGT","R","CTT","L","S_2006_000915",1624,39,"G28839T",0.909983112312481,1,"Non-synonymous"
"181","MN908947.3",28845,"G","A",3211,1617,38,90,46,38,0.0272315,3305,4.92048e-24,TRUE,"N","CGC","R","CAC","H","S_2006_000915",1594,44,"G28845A",0.915186994828424,1,"Non-synonymous"
"182","MN908947.3",3817,"C","T",3004,2776,38,78,75,38,0.0253082,3082,2.10529e-20,TRUE,"ORF1a","GAC","D","GAT","D","S_2006_000916",228,3,"C3817T",0.277710539461075,1,"Synonymous"
"183","MN908947.3",8139,"C","T",5509,2747,38,696,348,38,0.112095,6209,5.68293e-208,TRUE,"ORF1a","TCC","S","TTC","F","S_2006_000916",2762,348,"C8139T",0.967916772459993,1,"Non-synonymous"
"184","MN908947.3",12331,"G","A",3747,1895,38,77,40,38,0.0201255,3826,3.99002e-20,TRUE,"ORF1a","AGG","R","AGA","R","S_2006_000916",1852,37,"G12331A",0.819093567934167,1,"Synonymous"
"185","MN908947.3",16619,"A","G",4212,2104,38,90,45,38,0.0209205,4302,6.9369e-23,TRUE,"ORF1b","GAA","E","GGA","G","S_2006_000916",2108,45,"A16619G",1,1,"Non-synonymous"
"186","MN908947.3",29546,"C","T",3660,1820,38,246,132,38,0.0629639,3907,2.05562e-71,TRUE,NA,NA,NA,NA,NA,"S_2006_000916",1840,114,"C29546T",0.236508206214827,1,"Noncoding"
"187","MN908947.3",11083,"G","T",634,0,37,22,0,38,0.0335366,656,1.77152e-07,TRUE,"ORF1a","TTG","L","TTT","F","S_2006_000922",634,22,"G11083T",1,1,"Non-synonymous"
"188","MN908947.3",21627,"C","T",81,78,38,23,23,38,0.221154,104,3.41523e-08,TRUE,"S","ACT","T","ATT","I","S_2006_000922",3,0,"C21627T",1,1,"Non-synonymous"
"189","MN908947.3",26458,"G","T",599,598,38,18,18,38,0.0291734,617,3.21902e-06,TRUE,"E","GAT","D","TAT","Y","S_2006_000922",1,0,"G26458T",1,1,"Non-synonymous"
"190","MN908947.3",11083,"G","T",2651,3,37,61,0,37,0.0224926,2712,1.09589e-16,TRUE,"ORF1a","TTG","L","TTT","F","S_2006_000927",2648,61,"G11083T",1,1,"Non-synonymous"
"191","MN908947.3",21793,"G","T",3223,1594,38,150,74,37,0.0444708,3373,6.18612e-42,TRUE,"S","AAG","K","AAT","N","S_2006_000927",1629,76,"G21793T",1,1,"Non-synonymous"
"192","MN908947.3",29341,"T","C",4326,2380,38,501,272,38,0.10377,4828,1.81583e-149,TRUE,"N","CAT","H","CAC","H","S_2006_000927",1946,229,"T29341C",0.776057149480888,1,"Synonymous"
"193","MN908947.3",27092,"C","T",2282,2262,38,261,259,38,0.102594,2544,7.65177e-79,TRUE,"M","GAC","D","GAT","D","S_2006_000930",20,2,"C27092T",1,1,"Synonymous"
"194","MN908947.3",1323,"G","A",2714,0,38,107,0,38,0.0379298,2821,2.32117e-30,TRUE,"ORF1a","GGT","G","GAT","D","S_2006_000934",2714,107,"G1323A",1,1,"Non-synonymous"
"195","MN908947.3",5144,"C","T",2963,1477,38,63,31,38,0.0208196,3026,3.96071e-16,TRUE,"ORF1a","CTA","L","TTA","L","S_2006_000934",1486,32,"C5144T",1,1,"Synonymous"
"196","MN908947.3",7104,"C","T",667,1,38,22,0,38,0.0319303,689,1.91621e-07,TRUE,"ORF1a","ACC","T","ATC","I","S_2006_000934",666,22,"C7104T",1,1,"Non-synonymous"
"197","MN908947.3",7138,"T","C",673,1,38,15,0,37,0.0217707,689,2.73399e-05,TRUE,"ORF1a","TGT","C","TGC","C","S_2006_000934",672,15,"T7138C",1,1,"Synonymous"
"198","MN908947.3",27944,"C","T",9569,4648,38,231,116,38,0.0235714,9800,2.33748e-58,TRUE,"ORF8","CAC","H","CAT","H","S_2006_000934",4921,115,"C27944T",0.641345989500608,1,"Synonymous"
"199","MN908947.3",28695,"C","T",5201,5201,37,302,302,38,0.0548592,5505,1.01403e-84,TRUE,"N","ACA","T","ATA","I","S_2006_000934",0,0,"C28695T",1,1,"Non-synonymous"
"200","MN908947.3",6421,"G","T",684,625,38,18,14,36,0.025641,702,3.24458e-06,TRUE,"ORF1a","GTG","V","GTT","V","S_2006_000935",59,4,"G6421T",0.0691238602458259,1,"Synonymous"
"201","MN908947.3",9207,"C","T",2667,2667,38,112,112,38,0.0402733,2781,9.12094e-32,TRUE,"ORF1a","TCT","S","TTT","F","S_2006_000935",0,0,"C9207T",1,1,"Non-synonymous"
"202","MN908947.3",13755,"A","G",5537,2753,38,123,61,38,0.0217314,5660,3.9338e-31,TRUE,"ORF1b","AGA","R","AGG","R","S_2006_000935",2784,62,"A13755G",1,1,"Synonymous"
"203","MN908947.3",3267,"C","T",1695,13,38,152,1,39,0.0822956,1847,5.50317e-46,TRUE,"ORF1a","ACT","T","ATT","I","S_2006_000954",1682,151,"C3267T",1,1,"Non-synonymous"
"204","MN908947.3",6352,"G","T",590,285,38,86,42,38,0.127219,676,6.73927e-28,TRUE,"ORF1a","AAG","K","AAT","N","S_2006_000954",305,44,"G6352T",1,1,"Non-synonymous"
"205","MN908947.3",16741,"G","A",521,521,37,199,199,38,0.276389,720,7.10301e-68,TRUE,"ORF1b","GTT","V","ATT","I","S_2006_000956",0,0,"G16741A",1,1,"Non-synonymous"
"206","MN908947.3",9866,"C","T",3525,0,38,200,0,38,0.0536913,3725,5.62421e-57,TRUE,"ORF1a","CTT","L","TTT","F","S_2006_000959",3525,200,"C9866T",1,1,"Non-synonymous"
"207","MN908947.3",9561,"C","T",448,0,38,133,0,39,0.228916,581,2.00684e-44,TRUE,"ORF1a","TCA","S","TTA","L","S_2006_000960",448,133,"C9561T",1,1,"Non-synonymous"
"208","MN908947.3",23896,"C","T",1009,0,37,40,0,38,0.0381316,1049,1.33172e-11,TRUE,"S","ACC","T","ACT","T","S_2006_000960",1009,40,"C23896T",1,1,"Synonymous"
"209","MN908947.3",9940,"C","T",603,301,38,14,7,38,0.0226904,617,5.72999e-05,TRUE,"ORF1a","AGC","S","AGT","S","S_2006_000969",302,7,"C9940T",1,1,"Synonymous"
"210","MN908947.3",11956,"C","T",255,0,38,56,0,38,0.179487,312,9.11631e-19,TRUE,"ORF1a","GAC","D","GAT","D","S_2006_000969",255,56,"C11956T",1,1,"Synonymous"
"211","MN908947.3",17518,"C","T",396,198,38,273,135,38,0.408072,669,3.28181e-98,TRUE,"ORF1b","CTT","L","TTT","F","S_2006_000969",198,138,"C17518T",0.937316803603725,1,"Non-synonymous"
"212","MN908947.3",8127,"C","T",1081,538,38,567,283,38,0.344053,1648,7.7379e-195,TRUE,"ORF1a","GCA","A","GTA","V","S_2006_000976",543,284,"C8127T",0.958696967142842,1,"Non-synonymous"
"213","MN908947.3",8200,"T","C",622,617,38,20,20,38,0.0311526,642,7.82925e-07,TRUE,"ORF1a","GAT","D","GAC","D","S_2006_000977",5,0,"T8200C",1,1,"Synonymous"
"214","MN908947.3",1170,"C","T",483,240,38,16,8,38,0.0320641,499,1.37244e-05,TRUE,"ORF1a","TCT","S","TTT","F","S_2006_000981",243,8,"C1170T",1,1,"Non-synonymous"
"215","MN908947.3",3265,"T","C",432,1,38,14,1,37,0.0313199,447,5.5029e-05,TRUE,"ORF1a","ACT","T","ACC","T","S_2006_000981",431,13,"T3265C",0.0618632538922759,1,"Synonymous"
"216","MN908947.3",3691,"A","C",506,254,38,16,8,38,0.0306513,522,1.35783e-05,TRUE,"ORF1a","GAA","E","GAC","D","S_2006_000981",252,8,"A3691C",1,1,"Non-synonymous"
"217","MN908947.3",6905,"T","G",475,233,38,23,11,38,0.0461847,498,8.98041e-08,TRUE,"ORF1a","TCA","S","GCA","A","S_2006_000981",242,12,"T6905G",1,1,"Non-synonymous"
"218","MN908947.3",13994,"C","T",440,0,37,16,0,39,0.0350877,456,1.31131e-05,TRUE,"ORF1b","GCT","A","GTT","V","S_2006_000981",440,16,"C13994T",1,1,"Non-synonymous"
"219","MN908947.3",17285,"C","T",667,335,38,40,20,38,0.0565771,707,5.30611e-13,TRUE,"ORF1b","TCA","S","TTA","L","S_2006_000983",332,20,"C17285T",1,1,"Non-synonymous"
"220","MN908947.3",26456,"C","T",280,280,38,18,18,38,0.0604027,298,2.92807e-06,TRUE,"E","CCT","P","CTT","L","S_2006_000983",0,0,"C26456T",1,1,"Non-synonymous"
"221","MN908947.3",2057,"A","G",892,445,38,22,11,38,0.02407,914,2.12355e-07,TRUE,"ORF1a","ATG","M","GTG","V","S_2006_000984",447,11,"A2057G",1,1,"Non-synonymous"
"222","MN908947.3",4321,"C","T",771,770,38,71,71,38,0.084223,843,9.07376e-23,TRUE,"ORF1a","GCC","A","GCT","A","S_2006_000984",1,0,"C4321T",1,1,"Synonymous"
"223","MN908947.3",10097,"G","A",429,429,37,18,18,39,0.0402685,447,3.26948e-06,TRUE,"ORF1a","GGT","G","AGT","S","S_2006_000984",0,0,"G10097A",1,1,"Non-synonymous"
"224","MN908947.3",24794,"G","T",351,0,38,85,0,38,0.194954,436,3.05067e-28,TRUE,"S","GCT","A","TCT","S","S_2006_000997",351,85,"G24794T",1,1,"Non-synonymous"
"225","MN908947.3",12768,"C","T",1582,698,38,60,26,39,0.0364964,1644,1.47028e-17,TRUE,"ORF1a","GCG","A","GTG","V","S_2006_001016",884,34,"C12768T",1,1,"Non-synonymous"
"226","MN908947.3",18534,"G","T",644,644,38,62,61,38,0.0878187,706,5.10898e-20,TRUE,"ORF1b","AAG","K","AAT","N","S_2006_001016",0,1,"G18534T",0.0878186968838526,1,"Non-synonymous"
"227","MN908947.3",15834,"A","G",2291,2291,38,99,99,37,0.0414226,2390,5.63652e-28,TRUE,"ORF1b","AAA","K","AAG","K","S_2006_001043",0,0,"A15834G",1,1,"Synonymous"
"228","MN908947.3",16017,"C","T",7407,3712,37,168,86,38,0.0221782,7575,5.24891e-42,TRUE,"ORF1b","TTC","F","TTT","F","S_2006_001052",3695,82,"C16017T",0.815136704052345,1,"Synonymous"
"229","MN908947.3",17762,"C","T",519,0,38,25,0,38,0.0459559,544,2.19606e-08,TRUE,"ORF1b","GCT","A","GTT","V","S_2006_001052",519,25,"C17762T",1,1,"Non-synonymous"
"230","MN908947.3",29296,"C","T",2263,2263,38,81,81,38,0.0345416,2345,1.63884e-22,TRUE,"N","GAC","D","GAT","D","S_2006_001052",0,0,"C29296T",1,1,"Synonymous"
"231","MN908947.3",12331,"G","A",1188,598,38,32,16,39,0.0262295,1220,3.22019e-09,TRUE,"ORF1a","AGG","R","AGA","R","S_2006_001053",590,16,"G12331A",1,1,"Synonymous"
"232","MN908947.3",19862,"C","T",734,734,38,31,31,38,0.04047,766,3.41495e-10,TRUE,"ORF1b","GCT","A","GTT","V","S_2006_001053",0,0,"C19862T",1,1,"Non-synonymous"
"233","MN908947.3",22227,"C","T",275,271,38,46,44,38,0.143302,321,2.32326e-15,TRUE,"S","GCT","A","GTT","V","S_2006_001053",4,2,"C22227T",0.20684588327521,1,"Non-synonymous"
"234","MN908947.3",25981,"G","T",122,0,38,18,0,38,0.128571,140,2.27509e-06,TRUE,"ORF3a","GTA","V","TTA","L","S_2006_001053",122,18,"G25981T",1,1,"Non-synonymous"
"235","MN908947.3",1847,"T","C",917,917,38,25,25,38,0.0265111,943,2.43666e-08,TRUE,"ORF1a","TCA","S","CCA","P","S_2006_001055",0,0,"T1847C",1,1,"Non-synonymous"
"236","MN908947.3",25463,"C","T",2323,1162,38,278,139,38,0.1068,2603,7.27115e-84,TRUE,"ORF3a","ACT","T","ATT","I","S_2006_001055",1161,139,"C25463T",1,1,"Non-synonymous"
"237","MN908947.3",2925,"C","T",483,3,38,37,0,39,0.0711538,520,3.88443e-12,TRUE,"ORF1a","TCT","S","TTT","F","S_2006_001056",480,37,"C2925T",1,1,"Non-synonymous"
"238","MN908947.3",9987,"T","A",592,295,38,36,18,38,0.0573248,628,7.95949e-12,TRUE,"ORF1a","TTC","F","TAC","Y","S_2006_001056",297,18,"T9987A",1,1,"Non-synonymous"
"239","MN908947.3",10401,"C","T",1108,522,38,31,12,38,0.0272169,1139,6.00093e-09,TRUE,"ORF1a","GCT","A","GTT","V","S_2006_001056",586,19,"C10401T",0.369372330213407,1,"Non-synonymous"
"240","MN908947.3",11653,"C","T",820,219,38,19,1,39,0.022646,839,1.70112e-06,TRUE,"ORF1a","CTC","L","CTT","L","S_2006_001056",601,18,"C11653T",0.034629043837967,1,"Synonymous"
"241","MN908947.3",656,"G","C",983,983,38,40,40,37,0.0391007,1023,1.13106e-11,TRUE,"ORF1a","GCT","A","CCT","P","S_2006_001057",0,0,"G656C",1,1,"Non-synonymous"
"242","MN908947.3",8357,"C","T",424,0,37,14,0,38,0.0319635,438,5.23377e-05,TRUE,"ORF1a","CAT","H","TAT","Y","S_2006_001057",424,14,"C8357T",1,1,"Non-synonymous"
"243","MN908947.3",2156,"C","T",1851,1831,38,245,245,38,0.116889,2096,2.83538e-74,TRUE,"ORF1a","CTT","L","TTT","F","S_2006_001085",20,0,"C2156T",0.156835343879059,1,"Non-synonymous"
"244","MN908947.3",8623,"T","A",181,176,38,48,48,38,0.209607,229,2.52687e-16,TRUE,"ORF1a","ATT","I","ATA","I","S_2006_001087",5,0,"T8623A",0.586621189556068,1,"Synonymous"
"245","MN908947.3",16128,"A","G",2763,2763,38,282,282,38,0.0926108,3045,7.77016e-83,TRUE,"ORF1b","ACA","T","ACG","T","S_2006_001087",0,0,"A16128G",1,1,"Synonymous"
"246","MN908947.3",26589,"G","C",1159,0,38,82,0,38,0.0660757,1241,2.10504e-24,TRUE,"M","GTA","V","CTA","L","S_2006_001087",1159,82,"G26589C",1,1,"Non-synonymous"
"247","MN908947.3",18395,"C","T",290,1,38,142,0,38,0.328704,432,1.88383e-49,TRUE,"ORF1b","GCT","A","GTT","V","S_2006_001089",289,142,"C18395T",1,1,"Non-synonymous"
"248","MN908947.3",18744,"C","T",906,452,38,26,13,38,0.027897,932,1.10075e-08,TRUE,"ORF1b","TAC","Y","TAT","Y","S_2006_001089",454,13,"C18744T",1,1,"Synonymous"
"249","MN908947.3",19983,"C","T",122,0,38,17,0,39,0.122302,139,3.75722e-06,TRUE,"ORF1b","GTC","V","GTT","V","S_2006_001089",122,17,"C19983T",1,1,"Synonymous"
"250","MN908947.3",26534,"C","T",554,554,37,27,27,37,0.0464716,581,5.5994e-09,TRUE,"M","TCC","S","TCT","S","S_2006_001089",0,0,"C26534T",1,1,"Synonymous"
"251","MN908947.3",1473,"C","T",2429,1236,38,85,43,38,0.0338107,2514,9.84059e-24,TRUE,"ORF1a","ACT","T","ATT","I","S_2006_001092",1193,42,"C1473T",1,1,"Non-synonymous"
"252","MN908947.3",3340,"G","T",2701,1350,38,1158,574,38,0.300078,3859,0,TRUE,"ORF1a","GTG","V","GTT","V","S_2006_001092",1351,584,"G3340T",0.83309522876887,1,"Synonymous"
"253","MN908947.3",7834,"C","T",2650,1329,38,56,28,38,0.0206948,2706,4.19434e-15,TRUE,"ORF1a","AAC","N","AAT","N","S_2006_001092",1321,28,"C7834T",1,1,"Synonymous"
"254","MN908947.3",21800,"G","T",3303,1641,38,87,42,38,0.0256486,3392,5.40942e-23,TRUE,"S","GAT","D","TAT","Y","S_2006_001092",1662,45,"G21800T",0.82855921819077,1,"Non-synonymous"
"255","MN908947.3",25549,"C","T",3530,3528,38,78,78,38,0.0216126,3609,2.19096e-20,TRUE,"ORF3a","CTT","L","TTT","F","S_2006_001092",2,0,"C25549T",1,1,"Non-synonymous"
"256","MN908947.3",28562,"G","A",7271,3611,37,151,73,38,0.0203449,7422,4.61249e-37,TRUE,"N","GGT","G","AGT","S","S_2006_001092",3660,78,"G28562A",0.805270513306845,1,"Non-synonymous"
"257","MN908947.3",11083,"G","T",2299,3,37,63,0,37,0.0266723,2362,2.42939e-17,TRUE,"ORF1a","TTG","L","TTT","F","S_2006_001093",2296,63,"G11083T",1,1,"Non-synonymous"
"258","MN908947.3",16917,"G","T",2925,1445,38,531,265,38,0.153601,3457,8.49085e-164,TRUE,"ORF1b","CTG","L","CTT","L","S_2006_001093",1480,266,"G16917T",0.850383138724988,1,"Synonymous"
"259","MN908947.3",18131,"C","T",4790,2380,38,124,61,38,0.025234,4914,1.21246e-32,TRUE,"ORF1b","ACT","T","ATT","I","S_2006_001093",2410,63,"C18131T",0.927767617590503,1,"Non-synonymous"
"260","MN908947.3",18395,"C","T",1530,0,38,204,0,38,0.117647,1734,5.51355e-63,TRUE,"ORF1b","GCT","A","GTT","V","S_2006_001093",1530,204,"C18395T",1,1,"Non-synonymous"
"261","MN908947.3",23981,"C","T",1831,925,38,40,20,38,0.0213789,1871,1.43731e-11,TRUE,"S","CCA","P","TCA","S","S_2006_001093",906,20,"C23981T",1,1,"Non-synonymous"
"262","MN908947.3",654,"G","T",822,822,38,29,29,38,0.0340776,851,1.31848e-09,TRUE,"ORF1a","GGA","G","GTA","V","S_2006_001098",0,0,"G654T",1,1,"Non-synonymous"
"263","MN908947.3",6696,"C","T",3645,1839,38,92,47,38,0.0246187,3737,1.61109e-24,TRUE,"ORF1a","CCT","P","CTT","L","S_2006_001098",1806,45,"C6696T",0.916346842273208,1,"Non-synonymous"
"264","MN908947.3",11782,"A","G",4698,2343,38,114,58,38,0.0236908,4812,1.01101e-29,TRUE,"ORF1a","AAA","K","AAG","K","S_2006_001102",2355,56,"A11782G",0.850125839454481,1,"Synonymous"
"265","MN908947.3",11074,"C","T",485,0,38,14,0,38,0.0280561,499,4.70207e-05,TRUE,"ORF1a","TTC","F","TTT","F","S_2006_001104",485,14,"C11074T",1,1,"Synonymous"
"266","MN908947.3",7420,"C","T",706,0,38,24,0,38,0.0328767,730,4.45397e-08,TRUE,"ORF1a","ATC","I","ATT","I","S_2006_001112",706,24,"C7420T",1,1,"Synonymous"
"267","MN908947.3",11289,"C","T",3790,3789,38,102,102,38,0.0261941,3894,2.14121e-27,TRUE,"ORF1a","TCT","S","TTT","F","S_2006_001115",1,0,"C11289T",1,1,"Non-synonymous"
"268","MN908947.3",15372,"G","A",3885,1944,37,270,136,38,0.0649819,4155,6.05913e-77,TRUE,"ORF1b","ACG","T","ACA","T","S_2006_001115",1941,134,"G15372A",0.949840466903477,1,"Synonymous"
"269","MN908947.3",17474,"C","T",2956,0,38,71,0,38,0.0234478,3028,2.03955e-18,TRUE,"ORF1b","ACT","T","ATT","I","S_2006_001115",2956,71,"C17474T",1,1,"Non-synonymous"
"270","MN908947.3",25553,"C","T",3629,3621,38,81,81,38,0.0218329,3710,3.02001e-21,TRUE,"ORF3a","GCT","A","GTT","V","S_2006_001115",8,0,"C25553T",1,1,"Non-synonymous"
"271","MN908947.3",28829,"T","C",2317,1150,37,297,147,37,0.113619,2614,3.49529e-90,TRUE,"N","TCC","S","CCC","P","S_2006_001115",1167,150,"T28829C",1,1,"Non-synonymous"
"272","MN908947.3",28830,"C","A",1820,896,38,791,395,37,0.302949,2611,1.39214e-265,TRUE,"N","TCC","S","TAC","Y","S_2006_001115",924,396,"C28830A",0.76562529109715,1,"Non-synonymous"
"273","MN908947.3",29774,"C","T",1443,1443,38,166,166,38,0.10317,1609,8.17249e-51,TRUE,NA,NA,NA,NA,NA,"S_2006_001115",0,0,"C29774T",1,1,"Noncoding"
"274","MN908947.3",3784,"C","T",1147,1145,38,42,42,38,0.0353238,1189,3.28297e-12,TRUE,"ORF1a","GTC","V","GTT","V","S_2006_001116",2,0,"C3784T",1,1,"Synonymous"
"275","MN908947.3",3817,"C","T",1278,1128,38,75,63,38,0.0554324,1353,3.4512e-22,TRUE,"ORF1a","GAC","D","GAT","D","S_2006_001116",150,12,"C3817T",0.271558144275336,1,"Synonymous"
"276","MN908947.3",4668,"C","T",1383,7,38,235,0,38,0.145241,1618,1.92297e-73,TRUE,"ORF1a","TCT","S","TTT","F","S_2006_001116",1376,235,"C4668T",0.602646522075504,1,"Non-synonymous"
"277","MN908947.3",23664,"C","T",2773,1498,37,71,42,36,0.0249648,2844,1.2145e-19,TRUE,"S","GCA","A","GTA","V","S_2006_001116",1275,29,"C23664T",0.401779404113436,1,"Non-synonymous"
"278","MN908947.3",25138,"T","C",2395,1182,38,66,33,38,0.0268184,2461,4.60329e-18,TRUE,"S","AAT","N","AAC","N","S_2006_001116",1213,33,"T25138C",1,1,"Synonymous"
"279","MN908947.3",29545,"C","T",3010,1430,38,283,108,38,0.0859399,3293,3.17036e-83,TRUE,NA,NA,NA,NA,NA,"S_2006_001116",1580,175,"C29545T",0.00274295561034215,1,"Noncoding"
"280","MN908947.3",12374,"C","T",1092,1089,38,25,25,39,0.0223614,1118,3.51104e-07,TRUE,"ORF1a","CTT","L","TTT","F","S_2006_001119",3,0,"C12374T",1,1,"Non-synonymous"
"281","MN908947.3",24333,"C","T",370,365,37,23,23,38,0.0585242,393,8.308e-08,TRUE,"S","GCC","A","GTC","V","S_2006_001119",5,0,"C24333T",1,1,"Non-synonymous"
"282","MN908947.3",17134,"C","T",705,0,38,134,0,38,0.159714,839,1.42294e-43,TRUE,"ORF1b","CCT","P","TCT","S","S_2006_001125",705,134,"C17134T",1,1,"Non-synonymous"
"283","MN908947.3",21137,"A","G",1402,625,38,187,72,38,0.117684,1589,1.19601e-57,TRUE,"ORF1b","AAG","K","AGG","R","S_2006_001125",777,115,"A21137G",0.117527623453715,1,"Non-synonymous"
"284","MN908947.3",21618,"C","T",307,301,37,35,35,39,0.102339,342,1.16389e-11,TRUE,"S","ACA","T","ATA","I","S_2006_001125",6,0,"C21618T",1,1,"Non-synonymous"
"285","MN908947.3",29743,"C","T",786,783,37,42,42,39,0.0507246,828,1.36857e-13,TRUE,NA,NA,NA,NA,NA,"S_2006_001125",3,0,"C29743T",1,1,"Noncoding"
"286","MN908947.3",16819,"A","G",3143,0,38,2423,0,38,0.435009,5570,0,TRUE,"ORF1b","ATA","I","GTA","V","S_2006_001130",3143,2423,"A16819G",1,1,"Non-synonymous"
"287","MN908947.3",21137,"A","G",8695,4051,38,257,128,38,0.0287023,8954,9.89444e-67,TRUE,"ORF1b","AAG","K","AGG","R","S_2006_001130",4644,129,"A21137G",0.310929576073871,1,"Non-synonymous"
"288","MN908947.3",21255,"G","A",9106,4539,38,263,130,38,0.0280623,9372,3.57765e-67,TRUE,"ORF1b","GCG","A","GCA","A","S_2006_001130",4567,133,"G21255A",0.900625535418883,1,"Synonymous"
"289","MN908947.3",5972,"G","C",5077,4,38,421,0,38,0.0765315,5501,6.67292e-122,TRUE,"ORF1a","GAC","D","CAC","H","S_2006_001135",5073,421,"G5972C",1,1,"Non-synonymous"
"290","MN908947.3",16586,"C","T",13792,6831,38,999,493,38,0.0675319,14793,3.76535e-284,TRUE,"ORF1b","GCT","A","GTT","V","S_2006_001135",6961,506,"C16586T",0.921720022800152,1,"Non-synonymous"
"291","MN908947.3",23277,"C","T",19001,9406,38,5012,2473,38,0.20872,24013,0,TRUE,"S","ACT","T","ATT","I","S_2006_001135",9595,2539,"C23277T",0.84887166796259,1,"Non-synonymous"
"292","MN908947.3",29453,"C","T",14728,7264,38,302,149,38,0.0200905,15032,1.02726e-71,TRUE,"N","CTT","L","TTT","F","S_2006_001135",7464,153,"C29453T",1,1,"Non-synonymous"
"293","MN908947.3",25321,"C","T",4289,1701,38,3517,1430,38,0.450435,7808,0,TRUE,"S","TGC","C","TGT","C","S_2006_001288",2588,2087,"C25321T",0.377868009938304,1,"Synonymous"
